,City,Latitude,Longitude,Max Temp,Humidity,Cloudiness,Wind Speed,Country,Date
0,busselton,-33.65,115.3333,84.54,31,89,9.53,AU,1616126334
1,nikolskoye,59.7035,30.7861,21,85,0,4.47,RU,1616126334
2,port alfred,-7.0349,29.7638,71.15,79,25,4.41,CD,1616126335
3,saint-louis,16.3333,-15,71.6,46,0,10.65,SN,1616126336
4,saskylakh,71.9167,114.0833,-19.93,92,99,13.73,RU,1616126337
5,marsabit,2.3284,37.9899,66.54,77,81,17.16,KE,1616126338
6,trincomalee,8.5711,81.2335,82.42,71,99,9.62,LK,1616126174
7,slave lake,64.1835,-51.7216,26.6,63,75,19.57,GL,1616126083
8,nuuk,54.675,20.1347,32,93,75,4.47,RU,1616126341
9,svetlyy,-7.9,-78.5833,49.75,89,100,0.83,PE,1616126342
10,otuzco,-35.1667,173.1667,67.78,64,67,9.13,NZ,1616126343
11,ahipara,71.2906,-156.7887,1.4,71,90,13.8,US,1616126344
12,barrow,42.6001,-73.9662,37.4,60,90,14.97,US,1616126345
13,albany,43.0978,45.3608,41,93,0,4.47,RU,1616126346
14,shalazhi,16.7333,82.2167,78.8,78,100,2.28,IN,1616126347
15,yanam,64.3833,-173.3,1.4,60,0,6.71,RU,1616126348
16,provideniya,17.0151,54.0924,71.6,53,0,3.44,OM,1616126350
17,salalah,-46.1927,168.8643,59,73,67,8.01,NZ,1616126354
18,sinjah,64.8945,-23.7142,39.54,92,100,4.74,IS,1616126355
19,mataura,71.6872,128.8694,-3.28,97,100,10.85,RU,1616126356
20,olafsvik,50.5667,123.7167,33.44,54,53,2.51,CN,1616126358
21,tiksi,-46.6,168.3333,59,73,58,8.01,NZ,1616126359
22,alihe,20.8947,-156.47,68,77,40,18.41,US,1616126360
23,talawdi,21.3524,-158.0865,73.4,64,75,12.66,US,1616126361
24,bluff,-33.7333,-70.75,57.99,82,75,8.05,CL,1616126362
25,kahului,-20.2567,57.4061,81,88,40,1.14,MU,1616126363
26,makakilo city,51.8,68.3333,21.42,79,100,13.85,KZ,1616126364
27,buin,2.7858,24.73,67.6,94,57,0.98,CD,1616126365
28,bambous virieux,39.05,-27.9833,58.53,81,100,22.12,PT,1616126366
29,atbasar,51.226,-58.6502,33.58,94,100,17.83,CA,1616126369
30,buta,-23.1203,-134.9692,80.4,77,81,11.97,PF,1616126370
31,lagoa,20.5113,76.2129,84.38,19,3,8.23,IN,1616126371
32,barentsburg,-8.9266,125.4092,71.83,77,95,2.42,TL,1616126373
33,amderma,-4.3667,38.05,73.33,89,98,1.01,TZ,1616126373
34,saint-augustin,-21.2,-175.2,82.4,83,75,8.05,TO,1616126374
35,rikitea,-43.3002,-65.1023,67.68,38,96,21.7,AR,1616126101
36,sao joao da barra,6.3333,101.75,96.01,65,20,9.22,TH,1616126376
37,tabiauea,-42.8794,147.3294,75.99,46,20,13.8,AU,1616126377
38,airai,-24.7911,-50.0119,63.54,96,58,9.62,BR,1616126377
39,ndungu,-20.4081,57.7,73.4,88,40,1.14,MU,1616126378
40,vaini,56.555,76.6271,18.39,85,100,10.94,RU,1616126379
41,rawson,65.6145,-37.6368,33.8,60,75,5.75,GL,1616126380
42,narathiwat,6.6221,73.07,82.47,66,49,6.17,MV,1616126382
43,hobart,22.0752,-159.319,71.01,68,90,19.57,US,1616126387
44,castro,13.2167,-59.5167,75.2,69,40,9.22,BB,1616126388
45,mahebourg,57.79,-152.4072,26.6,43,90,10.36,US,1616126389
46,kyshtovka,70.6333,147.9167,-23.3,84,1,8.23,RU,1616126390
47,tasiilaq,-34.4187,19.2345,61,95,100,1.01,ZA,1616126391
48,kulhudhuffushi,45.679,8.4087,39,68,100,6.35,IT,1616126392
49,toliary,49.7502,-77.6328,-0.4,85,1,2.3,CA,1616126393
50,urdzhar,24.6,72.7,75.07,16,1,1.63,IN,1616126395
51,kapaa,-17,145.4333,87.8,62,64,10.36,AU,1616126396
52,bathsheba,36.5939,-6.233,44.6,65,0,5.75,ES,1616126397
53,kodiak,-33.6971,-53.4616,57.31,80,1,5.75,UY,1616126398
54,chokurdakh,-20.2833,44.2833,78.64,85,52,6.98,MG,1616126399
55,hermanus,64.8378,-147.7164,10.99,78,40,4.61,US,1616126400
56,boca do acre,-38.2667,141.9667,74.82,55,0,11.43,AU,1616126404
57,matagami,-28.7667,114.6,100.4,8,4,11.5,AU,1616126408
58,tapaua,42.7461,-8.4439,43,70,20,6.91,ES,1616126409
59,abu dhabi,-14.4739,-48.4597,68.83,92,100,1.68,BR,1616126114
60,mareeba,60.34,102.2797,20.25,87,100,11.18,RU,1616126412
61,puerto escondido,-9.8,-139.0333,80.78,77,4,12.91,PF,1616126413
62,chuy,-1.7656,-55.8661,72.72,97,100,5.79,BR,1616126417
63,morondava,-11.3847,43.2844,82.85,74,27,6.69,KM,1616126420
64,fairbanks,4.423,-7.3528,75.96,89,100,4.63,CI,1616126422
65,codrington,-3.6667,152.4333,86.16,62,98,5.1,PG,1616126423
66,geraldton,40.8021,-124.1637,48.99,90,99,10.25,US,1616126355
67,ribeira grande,-33.8667,121.9,78.8,38,0,8.05,AU,1616126425
68,niquelandia,-22.8362,-46.646,69.8,88,0,8.05,BR,1616126426
69,vanavara,27.3747,87.2039,79.95,20,28,2.48,NP,1616126429
70,atuona,27.9667,-110.8167,66.99,33,20,1.01,MX,1616126430
71,oriximina,-19.0595,-169.9187,86,66,75,11.5,NU,1616126431
72,mitsamiouli,19.7297,-155.09,68,83,90,6.91,US,1616126172
73,tabou,11.6765,10.1948,71.35,20,38,2.1,NG,1616126433
74,namatanai,47.8861,134.9464,29.7,89,75,4.12,RU,1616126433
75,eureka,39.1834,-84.5333,42.01,75,90,25.32,US,1616126198
76,esperance,40.6576,-73.5832,44.6,81,90,17.27,US,1616126184
77,arraial do cabo,-54.8,-68.3,44.6,76,40,6.91,AR,1616126437
78,tsihombe,-11.0964,-77.6139,70.99,79,100,6.76,PE,1616126438
79,illoqqortoormiut,55.7435,-97.8558,37.4,56,1,5.75,CA,1616126416
80,khandbari,-36.3132,-57.6792,49.42,77,0,1.72,AR,1616126440
81,empalme,72.7868,-56.1549,-4.52,95,99,6.93,GL,1616126442
82,alofi,-0.6,73.0833,83.08,70,100,6.4,MV,1616126443
83,hilo,-16.9167,145.7667,87.8,62,47,10.36,AU,1616126444
84,azare,38.8876,-76.5119,46.99,100,90,12.66,US,1616126445
85,khor,8.9897,125.34,88,59,63,6.11,PH,1616126446
86,hamilton,61.4681,128.9203,20.3,87,81,4.12,RU,1616126449
87,freeport,65,-15,39.2,81,0,4.61,IS,1616126450
88,te anau,0.8,127.4,84.38,70,94,5.82,ID,1616126454
89,ushuaia,63.05,179.3167,-5.3,96,84,8.72,RU,1616126455
90,hualmay,3.0707,172.7902,81.84,76,2,11.18,KI,1616126456
91,thompson,42.2506,-75.833,34,74,1,18.41,US,1616126458
92,dolores,10.9995,122.6711,87.96,61,67,8.79,PH,1616126460
93,samusu,24.3448,124.1572,77,73,20,9.22,JP,1616126461
94,upernavik,65,-15,39.2,81,0,4.61,IS,1616126462
95,hithadhoo,-36.413,-71.9028,48.2,100,0,2.3,CL,1616126463
96,cairns,38.2545,-104.6091,44.6,36,1,6.91,US,1616126360
97,mayo,73.5069,80.5464,-25.58,96,41,9.4,RU,1616126465
98,punta arenas,70.9821,25.9704,25.03,72,100,39.01,NO,1616126466
99,gangotri,27.1467,57.0801,73.4,49,20,4.61,IR,1616126467
100,palabuhanratu,-20.5667,164.2833,81.79,72,100,5.7,NC,1616126468
101,mokhsogollokh,1.3292,172.9752,86,66,20,9.22,KI,1616126469
102,east london,5.4112,100.3354,89.6,48,20,3.44,MY,1616126229
103,ternate,17.6667,-100,65.19,79,27,6.06,MX,1616126471
104,beringovskiy,66.3167,-179.1667,-12.69,81,0,1.32,RU,1616126473
105,butaritari,-3.1374,142.3475,86.41,63,89,8.23,PG,1616126474
106,broome,8.6882,-73.6645,77.11,86,100,0.96,CO,1616126476
107,belushya guba,65.5833,-171,-11.07,91,0,1.41,RU,1616126478
108,taolanaro,35.7835,-78.6331,64,88,20,5.32,US,1616126226
109,dingle,-36.413,-71.9028,48.2,100,0,2.3,CL,1616126489
110,ishigaki,71.9667,102.5,-13.59,92,100,10.56,RU,1616126492
111,east hemet,24.3126,109.3892,77.16,74,100,12.01,CN,1616126498
112,cape coast,26.326,43.975,64.4,45,0,5.75,SA,1616126502
113,pueblo,-41.2833,173.2833,66.99,55,0,1.99,NZ,1616126384
114,dikson,38.0507,58.2056,57.2,72,75,13.8,TM,1616126512
115,honningsvag,50.7167,-2,48.99,83,100,7,GB,1616126513
116,minab,-19.0047,-57.6017,72.72,97,99,1.52,BR,1616126514
117,koumac,34.6391,-120.4579,55.4,76,20,2.55,US,1616126270
118,bairiki,62.2266,-6.589,44.6,100,75,14.97,FO,1616126515
119,georgetown,-33.0117,17.9442,62.2,88,99,14.99,ZA,1616126516
120,dzilam gonzalez,-24.8667,113.6333,93.2,24,0,12.66,AU,1616126517
121,guerrero negro,42.097,-79.2353,30.2,55,1,18.84,US,1616126518
122,egvekinot,13.9297,41.6925,83.61,39,97,11.21,ER,1616126521
123,aitape,77.484,-69.3632,-12.15,82,48,6.93,GL,1616126523
124,pelaya,36.5939,-6.233,44.6,65,0,5.75,ES,1616126397
125,lavrentiya,43.7333,-87.9334,35.6,48,1,16.11,US,1616126402
126,quatre cocos,65.8167,87.9833,1.63,94,99,8.63,RU,1616126525
127,wake forest,64.2539,-15.2082,44.69,90,25,15.88,IS,1616126526
128,ngukurr,22.2855,114.1577,80.01,81,70,3,HK,1616126415
129,cape town,78.2186,15.6401,30.2,100,90,31.07,SJ,1616126527
130,khatanga,41.3712,-73.414,39.99,86,100,7,US,1616126528
131,liuzhou,51.3813,1.3862,46,78,88,5.01,GB,1616126529
132,buraydah,-25.2406,130.9889,84.2,21,100,17.27,AU,1616126530
133,nelson bay,-13.7,-76.2167,69.01,83,0,9.22,PE,1616126531
134,buzmeyin,-20.4422,-54.8603,75.2,83,20,6.91,BR,1616126532
135,poole,69.3833,178.4167,-16.4,85,0,2.62,RU,1616126533
136,ladario,-30.1811,-50.2056,70.25,81,35,7.72,BR,1616126534
137,lompoc,38.7333,-28.2667,54.43,82,100,17.13,PT,1616126535
138,klaksvik,-4.7561,11.8578,79.21,84,97,3.44,CG,1616126536
139,saldanha,-31.4707,19.776,53.49,76,0,3.74,ZA,1616126538
140,carnarvon,60.1432,-45.2371,25.61,72,96,2.15,GL,1616126539
141,jamestown,-37.6167,-73.65,52.77,88,3,3.24,CL,1616126540
142,edd,-31.6308,-71.1653,50.07,91,0,0.16,CL,1616126541
143,qaanaaq,28.3305,75.0632,85.21,17,96,3.36,IN,1616126542
144,puerto ayora,-26.6481,15.1594,63.36,63,35,14.88,NA,1616126542
145,sheboygan,39.1672,8.5222,42.01,100,4,5.75,IT,1616126543
146,turukhansk,-2.9178,-40.1717,75.87,89,83,4.52,BR,1616126544
147,hofn,46.7208,-92.1041,32,86,1,3.44,US,1616126525
148,victoria,-34.5322,20.0403,60.8,94,100,6.91,ZA,1616126546
149,longyearbyen,-12.1167,-73,68.81,99,100,1.66,PE,1616126547
150,bethel,31.8111,121.655,54,94,100,12.28,CN,1616126548
151,margate,-2.0833,101.3833,76.33,79,67,2.1,ID,1616126549
152,yulara,-33.0393,-71.6273,51.8,100,0,1.14,CL,1616126550
153,pisco,5.9622,124.6697,89.6,51,40,8.05,PH,1616126551
154,terenos,40.1629,-8.3327,52,59,15,4,PT,1616126551
155,leningradskiy,4.1363,96.1285,84.45,71,83,0.31,ID,1616126555
156,cidreira,35.1333,140.3,62.01,55,75,14.97,JP,1616126556
157,jiddah,69.4865,88.3972,-15.59,95,100,6.02,RU,1616126557
158,ponta do sol,53.9763,17.8003,30,84,97,5.26,PL,1616126559
159,loandjili,27.8964,102.2634,71.19,29,1,4.43,CN,1616126421
160,calvinia,68.2191,-135.0107,-9.4,77,40,2.3,CA,1616126560
161,nanortalik,-21.55,167.8833,79,69,100,14.74,NC,1616126562
162,lebu,52.7876,27.5415,27.68,90,100,2.86,BY,1616126563
163,illapel,-22.6667,167.4833,76.69,77,98,16.44,NC,1616126564
164,dhadar,47.6666,-52.7314,36,87,90,24.16,CA,1616126565
165,luderitz,13.3034,-4.8956,77.11,14,89,8.28,ML,1616126403
166,carbonia,63.8424,-22.4338,44.6,100,90,23.02,IS,1616126567
167,cruz,70.3705,31.1107,14,85,20,10.36,NO,1616126568
168,superior,-29.9533,-71.3436,59,77,0,3.44,CL,1616126504
169,bredasdorp,42.8,93.45,35.87,22,1,4.92,CN,1616126569
170,pangoa,29.5833,-9.5,52.92,76,97,8.9,MA,1616126570
171,huilong,13.3034,-4.8956,77.11,14,89,8.28,ML,1616126294
172,sungaipenuh,66.0449,-17.3389,46.4,71,75,12.66,IS,1616126572
173,valparaiso,21.2833,-88.2667,73.45,89,11,5.39,MX,1616126572
174,tambilil,50.6789,156.125,31.93,91,73,8.7,RU,1616126574
175,lata,40.4833,21.55,35.6,75,100,2.3,GR,1616126575
176,meulaboh,63.2842,118.3319,21.02,88,100,12.5,RU,1616126576
177,katsuura,13.0667,-3.0667,74.17,15,37,2.66,BF,1616126577
178,talnakh,3.5679,98.956,87.8,66,40,10.36,ID,1616126423
179,nizhneyansk,35.2226,-97.4395,43,75,1,8.05,US,1616126399
180,stony plain,68.75,161.3,-13.04,88,0,6.44,RU,1616126579
181,xichang,59.5833,151.2833,14.92,60,0,8.08,RU,1616126580
182,aklavik,29.1614,16.139,63.46,33,73,24.14,LY,1616126581
183,kytlym,15.7432,-96.4661,75.99,64,0,2.33,MX,1616126582
184,tadine,25.5333,-103.25,73.4,16,1,13.04,MX,1616126583
185,salihorsk,69.4541,-133.0374,-14.8,76,40,6.91,CA,1616126584
186,vao,70.0311,20.9714,27.68,57,100,19.28,NO,1616126588
187,torbay,47.4667,84.8667,14.22,78,0,3.24,KZ,1616126589
188,san carlos de bariloche,4.6374,103.4368,84.2,70,40,2.3,MY,1616126590
189,grindavik,51.0693,-1.7957,46.99,87,75,18.41,GB,1616126590
190,vardo,31.4451,12.9801,51.33,86,44,10.22,LY,1616126591
191,coquimbo,53.6597,-1.8537,44.01,91,100,4,GB,1616126592
192,hami,1.2391,23.616,71.19,79,15,1.61,CD,1616126593
193,tiznit,52.3668,-106.9679,39,75,1,5.75,CA,1616126594
194,san quintin,-17.2333,-67.9167,44.31,86,98,5.3,BO,1616126595
195,husavik,-3.4167,114.85,86,70,20,5.75,ID,1616126599
196,panaba,13.3034,-4.8956,77.11,14,89,8.28,ML,1616126601
197,severo-kurilsk,43.7501,-81.7165,30.2,43,83,16.11,CA,1616126414
198,emborion,-0.9131,122.8766,84.7,67,39,1.59,ID,1616126605
199,nyurba,64.75,177.4833,-11,70,0,4.47,RU,1616126608
200,tougan,-43.249,-65.3051,68.52,33,97,21,AR,1616126609
201,perbaungan,7.4167,81.8167,81.97,76,100,7.36,LK,1616126611
202,norman wells,63.7553,121.6247,19.83,89,100,11.95,RU,1616126612
203,cherskiy,36.5,137.8667,57,29,40,3.44,JP,1616126614
204,vaitupu,22.3667,71.9833,82.18,38,0,10.63,IN,1616126616
205,ola,-35.6167,174.5,68,68,27,13,NZ,1616126617
206,waddan,-8.2833,-35.0333,78.8,73,40,6.91,BR,1616126620
207,pochutla,14.9215,-23.5087,68,68,0,12.66,CV,1616126621
208,matamoros,-3.6954,128.1814,89.6,62,40,8.05,ID,1616126622
209,tuktoyaktuk,31.4505,-83.5085,59,63,1,14.97,US,1616126614
210,skjervoy,-46.1333,167.6833,59,73,78,10,NZ,1616126624
211,zaysan,13.2114,12.0241,77.67,17,39,7.43,NE,1616126625
212,paka,-41.0082,-73.1244,48.2,81,20,1.34,CL,1616126626
213,salisbury,50.0334,-66.8654,12.2,52,75,17.27,CA,1616126627
214,mizdah,47.8622,1.8991,39.99,93,90,9.22,FR,1616126628
215,mount gambier,37.4564,118.4856,53.17,22,0,8.86,CN,1616126629
216,basoko,-38.4333,176.35,70,48,52,4.72,NZ,1616126630
217,langham,-6.2222,-57.7528,71.06,98,100,1.79,BR,1616126631
218,patacamaya,20.931,-17.0347,62.6,77,0,17.27,MR,1616126631
219,mahadday weyne,43.6558,-110.7183,37.4,60,1,2.15,US,1616126632
220,martapura,65.9702,-18.5286,46.4,71,75,12.66,IS,1616126633
221,san patricio,-9.1061,124.8925,81.61,74,90,5.5,ID,1616126634
222,goderich,-14.9003,50.2788,77.05,80,89,6.38,MG,1616126635
223,biak,-1.5233,-52.5817,73.71,95,100,1.19,BR,1616126636
224,anadyr,-6.4333,39.55,73.4,100,20,3.85,TZ,1616126637
225,trelew,42.0304,-8.1588,41,77,24,7,PT,1616126638
226,kalmunai,50.2261,136.8994,29.62,73,93,3.11,RU,1616126639
227,vilyuysk,-45.5752,-72.0662,44.22,95,66,6.24,CL,1616126639
228,omachi,70.8578,29.0864,17.6,79,0,27.63,NO,1616126641
229,dhandhuka,17.486,120.4348,90.37,54,12,9.57,PH,1616126642
230,ngunguru,70.9963,24.6622,23,63,0,17.27,NO,1616126643
231,cabo san lucas,5.6667,73,83.21,66,66,7.47,MV,1616126643
232,praya,-4.3878,-59.5939,71.15,99,100,2.37,BR,1616126644
233,ambon,27.2696,31.1511,53.6,62,0,5.75,EG,1616126645
234,gzhatsk,52.6517,6.3861,33.01,90,0,1.01,NL,1616126646
235,tifton,56.9669,23.1553,24.8,68,0,13.8,LV,1616126647
236,tuatapere,43.4002,-4.0094,51.01,81,75,9.22,ES,1616126648
237,maine-soroa,40.4272,71.7189,48.2,61,100,4.61,UZ,1616126649
238,casma,38.421,-121.4238,54,94,90,5.75,US,1616126650
239,port-cartier,-15.1961,12.1522,72.21,75,57,4.61,AO,1616126653
240,olivet,1.6481,14.5806,69.69,96,92,0.58,CG,1616126654
241,dongying,64.8569,-147.8028,10.99,61,75,5.75,US,1616126655
242,reporoa,-8.0089,-34.8553,78.8,73,40,6.91,BR,1616126655
243,jacareacanga,46.8083,-100.7837,39.2,60,1,11.5,US,1616126412
244,nouadhibou,-0.6136,-47.3561,77.47,87,96,6.87,BR,1616126657
245,moose factory,32.2207,-98.2023,48.2,53,1,8.05,US,1616126658
246,dalvik,52.7105,16.3804,32,100,75,3.44,PL,1616126659
247,atambua,25.7743,-80.1937,75.99,88,20,6.91,US,1616126423
248,antalaha,-40.8135,-62.9967,59.09,38,0,12.37,AR,1616126660
249,almeirim,13.3034,-4.8956,77.11,14,89,8.28,ML,1616126661
250,sokoni,-7.0349,29.7638,71.15,79,25,4.41,CD,1616126662
251,vila velha,-9.0763,143.2092,86.61,65,73,5.95,PG,1616126663
252,amursk,18.7369,7.3853,73.35,18,3,2.35,NE,1616126664
253,coihaique,42.7762,-9.0603,46.99,69,35,5.99,ES,1616126665
254,berlevag,-28.55,16.4333,59.54,86,0,13.04,NA,1616126666
255,santa isabel do rio negro,-9.4333,159.95,84.9,75,97,2.48,SB,1616126667
256,havoysund,63.7506,-68.5145,-22,63,1,11.5,CA,1616126668
257,ugoofaaru,-5.6667,132.75,83.44,68,51,4.32,ID,1616126669
258,borba,67.4667,78.7,-8.55,97,100,7,RU,1616126670
259,abnub,48.0056,91.6419,21.72,56,98,2.57,MN,1616126671
260,fort nelson,53.0452,158.6483,42.8,49,86,4.47,RU,1616126672
261,tukums,48.6499,-53.1147,37,93,100,12.66,CA,1616126673
262,mar del plata,-10.6167,150.6667,85.35,66,50,7.85,PG,1616126674
263,komsomolskiy,-22.0866,-65.5942,48.7,88,82,10.38,BO,1616126675
264,laguna,5.3833,-52.95,75.22,84,27,7.43,GF,1616126677
265,namibe,46.8361,-95.9123,32,64,1,8.19,US,1616126678
266,sembe,66.1451,-65.7125,-17.5,75,0,3.02,CA,1616126679
267,college,55.3422,-131.6461,37.4,100,90,3.44,US,1616126680
268,olinda,6.6518,-10.5932,73.33,97,95,1.16,LR,1616126681
269,bismarck,14.9215,-23.5087,68,68,0,12.66,CV,1616126682
270,salinopolis,28,-15.5,63,63,20,14.97,ES,1616126682
271,stephenville,-16.2325,39.9086,75.79,86,97,4.23,MZ,1616126686
272,wronki,9.3094,42.1258,60.57,79,5,1.57,ET,1616126687
273,miami,-16.7,-151.0167,82.49,63,67,2.95,PF,1616126687
274,viedma,-32.25,148.6167,80.6,44,40,19.57,AU,1616126689
275,san ramon,13.3034,-4.8956,77.11,14,89,8.28,ML,1616126661
276,port elizabeth,10.5669,72.642,83.79,66,48,8.21,IN,1616126690
277,daru,-42.7167,170.9667,63.19,77,0,11.05,NZ,1616126691
278,arlit,56.3444,114.8794,22.19,78,99,0.85,RU,1616126693
279,muros,57.1281,73.8282,21.6,79,100,10.42,RU,1616126694
280,oranjemund,-3.8004,102.2655,79.56,75,100,2.13,ID,1616126695
281,honiara,-16.4833,-151.75,82.47,64,57,3.85,PF,1616126696
282,iqaluit,34.3142,47.065,42.8,61,0,4.61,IR,1616126697
283,huazolotitlan,52.1415,-122.1445,41,60,75,13.8,CA,1616126698
284,tual,-7.2597,-34.9075,77,94,20,3.44,BR,1616126699
285,tazovskiy,-21.3585,55.7679,79,69,0,4.61,RE,1616126700
286,hovd,64.5667,143.2,-1.12,87,98,6.98,RU,1616126703
287,petropavlovsk-kamchatskiy,24.6877,46.7219,68,37,1,4.61,SA,1616126704
288,bonavista,42.5001,-70.8578,41,87,90,14.97,US,1616126420
289,samarai,28.2211,61.2158,67.73,29,1,3.4,IR,1616126705
290,villazon,-39.2,173.8833,66,59,0,4,NZ,1616126706
291,da nang,47.8405,-83.4034,14.49,87,0,0.4,CA,1616126707
292,sinnamary,62.5333,155.8,-4.52,89,100,8.72,RU,1616126708
293,careiro da varzea,44.8101,-68.9134,33.8,40,75,19.57,US,1616126709
294,richards bay,32.3502,-85.1999,51.8,62,90,10.36,US,1616126416
295,pangnirtung,3.377,98.6189,87.8,66,40,10.36,ID,1616126710
296,ketchikan,-3.41,-39.0306,82,75,40,15.99,BR,1616126711
297,new norfolk,38.4953,102.1739,38.23,38,99,15.7,CN,1616126712
298,praia,68.6073,31.7962,10.4,92,75,2.24,RU,1616126713
299,canaries,-1.2675,116.8289,89.6,62,20,9.22,ID,1616126714
300,angoche,15.435,119.9045,85.77,69,89,8.05,PH,1616126715
301,harer,11.2842,49.1816,76.53,66,31,6.89,SO,1616126720
302,fare,69.7008,170.3133,-16.64,86,13,2.89,RU,1616126721
303,dubbo,-10.1667,123.5833,86,74,40,11.5,ID,1616126723
304,san cristobal,16.9833,73.3,83.08,50,74,5.86,IN,1616126725
305,kavaratti,18.7667,84.4167,89.82,28,100,6.73,IN,1616126726
306,hokitika,41.3042,-82.9752,36,67,100,3,US,1616126465
307,taksimo,43.6702,-7.4101,42.01,89,100,5.99,ES,1616126728
308,znamenskoye,21.2667,-97.45,64.22,83,0,4.07,MX,1616126729
309,bengkulu,-34.0033,24.7314,68,79,1,4,ZA,1616126730
310,faanui,57.0531,-135.33,37.4,56,40,6.91,US,1616126731
311,kermanshah,42.9348,10.5221,42.01,50,5,3,IT,1616126732
312,williams lake,4.9333,-52.3333,78.01,94,42,7.05,GF,1616126733
313,conde,52.1657,109.7726,21.72,69,2,7.56,RU,1616126734
314,okandja,44.1003,-70.2148,35.6,41,40,14.97,US,1616126631
315,saint-philippe,37.5683,126.9778,62.6,34,0,8.05,KR,1616126719
316,ust-nera,48.4982,6.6557,37.4,87,90,2.3,FR,1616126737
317,riyadh,0.408,9.4328,75.9,88,100,5.08,GA,1616126738
318,marblehead,45.3353,42.8547,35.6,87,0,13.42,RU,1616126739
319,khash,-20.5167,57.5167,73.4,88,40,1.14,MU,1616126739
320,okato,38.3,21.7833,50,93,90,8.3,GR,1616126740
321,chapleau,40.5982,-124.1573,50,100,90,5.75,US,1616126741
322,omsukchan,51.6708,82.7289,20.57,76,0,3.44,RU,1616126742
323,hermon,-21.2078,-159.775,82.4,74,20,10.36,CK,1616126743
324,russell,19.5539,99.7405,78.8,73,27,3.44,TH,1616126744
325,kuala terengganu,-17.5333,-149.3333,86,66,40,4.61,PF,1616126745
326,paracuru,-23.865,35.3833,74.46,81,6,3.2,MZ,1616126746
327,jinchang,18.2242,121.3791,81.63,88,70,4.5,PH,1616126747
328,verkhnetulomskiy,63.7256,8.834,35.6,93,40,13.8,NO,1616126747
329,balikpapan,36.5939,-6.233,44.6,65,0,5.75,ES,1616126751
330,palauig,-1.8333,-65.3667,72.25,97,91,3.04,BR,1616126752
331,marv dasht,-14.8333,-64.9,66.33,97,98,2.37,BO,1616126752
332,batemans bay,25.3833,97.4,95.85,16,28,1.48,MM,1616126753
333,bosaso,13.3034,-4.8956,77.11,14,89,8.28,ML,1616126716
334,pevek,19.9333,-105.25,62.01,84,0,3.09,MX,1616126756
335,road town,36.5939,-6.233,44.6,65,0,5.75,ES,1616126757
336,kupang,-35.1,173.7833,68,68,41,13,NZ,1616126758
337,pinotepa nacional,0.3925,9.4537,75.65,89,100,4.9,GA,1616126759
338,ratnagiri,43.3236,145.575,32,59,75,8.05,JP,1616126584
339,palasa,8.25,34.5833,78.55,62,100,6.71,ET,1616126761
340,clyde river,44.0167,87.3167,28.4,64,0,2.24,CN,1616126762
341,cervo,-0.2167,20.8667,69.42,95,98,1.16,CD,1616126763
342,tamiahua,22.1833,75.5833,71.6,53,40,6.91,IN,1616126763
343,kruisfontein,39.4735,-118.7774,59,33,75,19.57,US,1616126764
344,bo phloi,0.3833,9.7833,72.81,96,100,2.17,GA,1616126765
345,sitka,34.6851,135.8049,62.6,29,0,3.44,JP,1616126490
346,piombino,-21.0908,-45.0914,66.18,89,100,3.13,BR,1616126617
347,cheuskiny,61.95,159.2333,12.51,78,100,12.71,RU,1616126769
348,cayenne,43.2128,-75.4557,33.8,37,1,9.22,US,1616126653
349,khorinsk,-7.7136,-66.9764,73.22,98,99,2.89,BR,1616126771
350,lewiston,-0.7193,8.7815,80.85,75,81,4.03,GA,1616126772
351,seoul,34.8791,-76.9013,68,91,67,4,US,1616126773
352,great yarmouth,17.486,120.4348,90.37,54,12,9.57,PH,1616126774
353,flin flon,27.85,-105.4833,56.08,18,0,6.51,MX,1616126775
354,louis trichardt,50,88.6667,5.7,80,49,1.32,RU,1616126776
355,svetlograd,22.7333,77.4333,68,83,75,5.75,IN,1616126777
356,souillac,41.7597,86.1469,34.54,82,91,5.44,CN,1616126778
357,rio gallegos,13.3034,-4.8956,77.11,14,89,8.28,ML,1616126779
358,fortuna,39.1502,-123.2078,51.8,87,90,4.61,US,1616126405
359,krasnoshchekovo,9.4942,50.8122,77.72,72,63,7.67,SO,1616126785
360,avarua,54.2797,-0.4044,43,95,100,5.01,GB,1616126763
361,phan rang,-28.24,-48.6703,73.4,78,40,10.36,BR,1616126787
362,tiarei,36.7186,15.0907,43,93,21,6.91,IT,1616126787
363,inhambane,59.3833,143.3,17.47,64,0,21.85,RU,1616126788
364,swan hill,35.465,-6.0348,55.4,82,0,9.22,MA,1616126789
365,sistranda,-9.1667,-60.6333,70.92,98,100,2.17,BR,1616126790
366,puerto madryn,32.6475,110.7781,47.79,65,89,6.44,CN,1616126791
367,maraa,38.146,13.0844,46.4,66,40,4.61,IT,1616126792
368,trinidad,42.2401,125.7172,50.85,27,11,2.13,CN,1616126793
369,myitkyina,66.9672,30.3491,2.7,89,0,3.47,RU,1616126794
370,san rafael,41.1573,-85.4883,34,61,100,7,US,1616126795
371,zaplyusye,9.4008,-0.8393,84.97,55,100,8.55,GH,1616126795
372,tomatlan,41.7001,-71.4162,41,93,90,20.71,US,1616126797
373,puerto colombia,52.3305,-0.1865,45,92,99,5.99,GB,1616126798
374,kaeo,56.365,8.4267,28.99,93,14,7.67,DK,1616126799
375,libreville,-7.0349,29.7638,71.15,79,25,4.41,CD,1616126800
376,barbar,-34.2,142.15,87.01,34,75,14.97,AU,1616126801
377,nemuro,62.456,-114.3525,17.6,73,75,2.3,CA,1616126801
378,gambela,63.2909,18.7153,14,73,0,4.61,SE,1616126802
379,changji,64.7001,43.3936,-5.08,98,76,6.85,RU,1616126804
380,boende,-9.6608,20.3916,62.74,96,76,2.21,AO,1616126805
381,maheshwar,41.3581,-93.5574,39.2,65,1,9.22,US,1616126806
382,fallon,43.2919,126.0094,47.26,31,11,2.3,CN,1616126807
383,nkan,-31.393,-58.0209,64,70,0,5.99,AR,1616126808
384,nara,65.8522,44.24,-8.18,97,53,5.57,RU,1616126809
385,perdoes,4.25,-54.3833,68.31,99,10,1.99,GF,1616126810
386,yunjinghong,-6.9811,-34.8339,77,94,20,3.44,BR,1616126811
387,saint george,18.8003,110.3967,80.02,75,83,7.43,CN,1616126811
388,evensk,40.8665,-124.0828,48.99,87,90,5.75,US,1616126813
389,la union,14.5106,6.765,78.04,18,100,4.5,NE,1616126816
390,roma,47.6167,-57.6152,35.38,98,100,11.39,CA,1616126817
391,sorvag,66.7131,27.4306,1.6,95,0,2.26,FI,1616126818
392,pauini,-15.6167,30.4167,66.7,93,3,1.86,ZM,1616126819
393,port-gentil,20.5113,76.2129,84.38,19,3,8.23,IN,1616126819
394,havelock,24.0934,32.907,61.77,34,0,10.74,EG,1616126762
395,santa cruz de la palma,21.5,83.8667,80.6,44,75,0.56,IN,1616126821
396,naica,-6.1349,12.3689,79.83,82,100,3.49,AO,1616126822
397,kosh-agach,69.2167,-51.1,12.2,62,66,13.8,GL,1616126823
398,rehti,62.7161,129.6658,3.2,60,0,2.24,RU,1616126824
399,korla,-22.7419,-46.9014,68,94,0,6.91,BR,1616126825
400,louisbourg,20.0173,104.6053,97.14,38,21,1.59,LA,1616126825
401,san jose,7.0419,134.2556,87.8,70,75,9.22,PW,1616126826
402,ukiah,38.8755,-109.5012,48.99,39,90,4,US,1616126827
403,balimo,17.6129,99.2161,106.65,19,44,1.99,TH,1616126828
404,uwayl,1,-52,70.7,93,100,3.24,BR,1616126829
405,bandarbeyla,-8.4192,20.7447,63.82,96,47,1.14,AO,1616126830
406,scarborough,61.1667,73.1667,30.2,47,0,13.42,RU,1616126831
407,sangre grande,47.3303,123.1836,41.43,46,100,2.66,CN,1616126770
408,imbituba,42.9826,-77.4089,32,49,100,3,US,1616126793
409,pachino,-9.6658,-35.7353,77,94,75,2.3,BR,1616126833
410,okhotsk,-37.8333,147.6167,72,71,33,10,AU,1616126834
411,asilah,19.35,-90.7167,77.56,77,0,14.74,MX,1616126835
412,aripuana,-17.7333,-149.15,86,66,40,4.61,PF,1616126836
413,shiyan,2.0167,112.9333,90.86,50,50,3.53,MY,1616126837
414,terrasini,64.8621,11.2373,33.49,73,88,17.56,NO,1616126838
415,liuhe,36.2081,-86.2911,45,93,90,4.61,US,1616126550
416,alakurtti,36.4072,-105.5731,35.6,44,1,10.36,US,1616126841
417,whitley bay,46.4154,3.9054,35.6,93,90,2.3,FR,1616126841
418,tamale,-8.6199,122.2111,84.43,75,91,8.01,ID,1616126842
419,warwick,45.65,0.15,42.01,93,90,8.05,FR,1616126700
420,huntingdon,69.0125,23.0412,7.52,93,91,15.82,NO,1616126844
421,bur gabo,47.1333,129.2667,40.8,42,100,2.53,CN,1616126601
422,port hardy,24.8,125.2833,78.8,69,20,10.36,JP,1616126833
423,mildura,4.4683,97.9683,91.09,51,30,3.85,ID,1616126848
424,yellowknife,-2.0226,147.2712,84.51,71,89,4.34,PG,1616126850
425,ornskoldsvik,20.1986,1.0114,65.5,19,2,7.58,ML,1616126851
426,pinega,-3.3667,135.4833,82.65,78,88,6.89,ID,1616126852
427,saurimo,-2.5744,150.7967,84.4,71,93,6.51,PG,1616126853
428,indianola,49.4169,-82.4331,12.2,79,0,4.61,CA,1616126775
429,saleaula,42.7333,-96.2336,34,93,1,4.61,US,1616126854
430,yantongshan,-16.5656,-69.0417,43.23,82,99,5.55,PE,1616126855
431,concordia,7.0167,39.9833,51.85,85,80,0.67,ET,1616126587
432,mezen,28.1227,-16.726,63,67,20,5.75,ES,1616126857
433,grand-santi,-17.7125,-39.2481,75.2,89,50,3.89,BR,1616126858
434,cabedelo,39.2048,-84.428,42.01,75,90,16.11,US,1616126859
435,wanning,46.6166,10.7002,28,79,0,4.61,IT,1616126859
436,arcata,41.3403,-6.7119,32,80,22,4.59,PT,1616126861
437,dakoro,-24.1333,19.1167,69.62,66,0,7.99,NA,1616126861
438,burgeo,25.5198,90.2201,88.43,16,49,4.07,IN,1616126862
439,kemijarvi,10.3997,-75.5144,78.8,83,20,11.5,CO,1616126863
440,luangwa,50.2334,-63.5986,23,74,90,20.71,CA,1616126865
441,sao felix do xingu,14.2,24.6667,68.72,24,75,14.14,SD,1616126866
442,aswan,19.4558,-71.3261,69.01,84,0,3,DO,1616126867
443,burla,60.7253,114.9278,23.58,86,99,13.31,RU,1616126868
444,soyo,62.5833,6.1333,39.2,87,90,6.91,NO,1616126869
445,ilulissat,36.1628,-85.5016,43,93,90,5.75,US,1616126685
446,namtsy,-25.1132,29.0445,61.92,68,0,2.37,ZA,1616126871
447,pedreira,0.5333,72.9333,83.03,68,55,4.18,MV,1616126872
448,ban nahin,27.8333,113.15,50,100,90,8.95,CN,1616126778
449,kloulklubed,50.3333,3.6667,37,87,40,9.22,FR,1616126874
450,grand river south east,-5.2269,-75.6753,73.69,96,100,1.12,PE,1616126875
451,thoen,53.3668,-104.0009,32,80,1,8.05,CA,1616126841
452,amapa,-2.6332,-80.3274,77.76,84,100,7.02,EC,1616126876
453,lucapa,-4.1997,12.6739,71.49,97,100,1.66,CG,1616126877
454,barsovo,18.2085,-71.1008,74.5,78,45,4.56,DO,1616126882
455,longjiang,4.8699,-2.2405,77.43,80,100,4.38,GH,1616126601
456,victor harbor,50.3333,3.6667,37,87,40,9.22,FR,1616126874
457,maceio,-34.6534,-58.6198,62.01,72,51,4.25,AR,1616126885
458,bairnsdale,59.2667,32.85,12.94,95,91,6.08,RU,1616126886
459,champoton,51.8667,50.3667,26.78,94,100,12.62,RU,1616126887
460,tautira,12.485,-16.5469,68,88,40,6.91,SN,1616126887
461,saint paul,10.8794,122.486,88.56,59,66,9.28,PH,1616126888
462,kapit,7.5264,-12.505,76.82,80,0,3.89,SL,1616126889
463,rorvik,62.0589,48.6201,13.14,96,100,5.21,RU,1616126890
464,lebanon,60.3778,92.6267,19.9,89,99,8.28,RU,1616126891
465,umzimvubu,40.661,-7.9097,46,59,44,4,PT,1616126892
466,taos,36.5939,-6.233,44.6,65,0,5.75,ES,1616126751
467,saint-francois,58.3631,82.8265,27.57,90,100,12.37,RU,1616126894
468,maumere,61.6071,-149.3086,21.2,42,1,9.22,US,1616126895
469,angouleme,61.9449,76.6625,27.09,91,100,11.52,RU,1616126896
470,kautokeino,36.2505,-121.2516,55.99,1,69,1.01,US,1616126897
471,nancha,67.8006,130.4114,-1.86,78,100,5.93,RU,1616126898
472,hirara,36.3048,-86.62,46,85,100,3,US,1616126898
473,langsa,62.9342,40.1361,5.56,94,96,6.8,RU,1616126900
474,lorengau,44.251,-116.9693,60.8,29,75,8.05,US,1616126901
475,tessalit,48.1648,-123.9541,48.2,81,20,6.91,US,1616126902
476,nabire,48.9583,-65.5006,21.2,68,90,27.63,CA,1616126903
477,kavieng,13.8996,-60.8879,77,83,40,13.8,LC,1616126904
478,kapuskasing,34.3833,131.2,64,72,40,3.44,JP,1616126905
479,sioux lookout,-8.8368,13.2343,78.8,89,75,2.3,AO,1616126907
480,desaguadero,20.785,-156.4656,68,77,40,14.97,US,1616126674
481,goba,38.525,68.5512,55.4,50,90,8.95,TJ,1616126908
482,adeje,49.75,142.8333,27.93,66,100,11.1,RU,1616126910
483,caravelas,2.0371,45.3438,79.65,80,81,12.26,SO,1616126910
484,amberley,20.7,-105.2,69.8,83,1,3.06,MX,1616126743
485,lasa,59.7,150.1667,15.48,59,0,6.82,RU,1616126915
486,mogadouro,49.7834,-74.8492,1.4,71,1,3.44,CA,1616126915
487,aranos,54.4333,113.6,21.51,66,100,3.96,RU,1616126916
488,tura,38.4681,106.2731,33.01,60,100,3,CN,1616126917
489,cartagena,-39.6333,-72.3333,42.8,100,0,1.41,CL,1616126919
490,viligili,43.1665,-124.0015,46,10,98,1.01,US,1616126920
491,havre-saint-pierre,30.0799,-95.4172,55,58,1,6.91,US,1616126856
492,kutum,-5.7,34.4833,59.88,97,48,4.7,TZ,1616126922
493,lazaro cardenas,-1.5746,9.2618,76.14,84,100,2.73,GA,1616126923
494,lensk,-16.8392,36.9856,70.95,97,27,1.63,MZ,1616126923
495,roald,-23.7781,-45.3581,75.69,87,78,3.27,BR,1616126925
496,cookeville,6.3807,-10.6953,76.3,90,100,1.95,LR,1616126926
497,siyabuswa,-6.7167,32.0667,62.64,94,74,2.39,TZ,1616126927
498,thinadhoo,5.9197,121.3631,85.12,68,67,3.44,PH,1616126928
499,nguiu,60.9167,-46.05,26.6,59,90,4.61,GL,1616126928
500,zhuzhou,54.7183,135.315,27.16,66,3,8.3,RU,1616126930
501,north branch,-29.6643,17.8865,47.88,67,0,2.75,ZA,1616126931
502,lagunas,32.7833,130.3667,62.6,72,75,6.91,JP,1616126932
503,nipawin,54.9079,8.3033,32,80,1,9.22,DE,1616126933
504,morro da fumaca,17.1503,-25.0201,68,77,20,18.41,CV,1616126934
505,loubomo,-46.2817,169.8464,60.01,57,90,11.01,NZ,1616126935
506,lolua,44.0787,-80.2041,28,55,99,16.08,CA,1616126936
507,barahona,-2.4489,-44.7825,78.8,94,40,2.3,BR,1616126937
508,axim,64.5011,-165.4064,-0.4,65,1,4.41,US,1616126938
509,north bend,52.35,115.5167,24.48,61,100,1.07,RU,1616126939
510,moron,17.4924,44.1277,59,25,0,1.19,SA,1616126939
511,kholm,-21.8667,166.05,84.2,65,75,4.61,NC,1616126941
512,perelyub,-20.7833,117.1333,88.66,45,15,22.93,AU,1616126942
513,oussouye,54.7909,18.4009,32,100,75,5.75,PL,1616126943
514,cabatuan,14.3,-91.9167,66,95,0,5.44,GT,1616126947
515,bonthe,-5.1989,-35.4608,73.4,94,20,1.14,BR,1616126948
516,mys shmidta,67.5447,133.385,5.68,72,100,9.64,RU,1616126949
517,teya,-19.55,169.2667,86,66,75,11.5,VU,1616126950
518,viseu,-22.45,18.9667,63.18,86,10,5.03,NA,1616126951
519,puerto lempira,52.9669,-108.3847,32,86,1,9.22,CA,1616126951
520,togur,38.7333,-28.2667,54.43,82,100,17.13,PT,1616126952
521,lakes entrance,6.1241,81.1185,78.8,94,90,8.05,LK,1616126769
522,novoagansk,-45.8742,170.5036,62.01,67,22,5.59,NZ,1616126954
523,monterey,34.1667,77.5833,24.31,50,68,2.86,IN,1616126955
524,batagay-alyta,61.9247,63.0231,22.5,95,98,2.04,RU,1616126956
525,hendersonville,39.0993,-76.8483,46.99,93,90,9.22,US,1616126863
526,savinskiy,-21.0225,-48.0372,73.4,88,0,5.75,BR,1616126959
527,weiser,20,-3,69.08,15,0,7.27,ML,1616126960
528,twin falls,-19.6667,22.2667,71.8,63,51,3.91,BW,1616126961
529,murdochville,33.9526,-84.5499,48,87,75,16.11,US,1616126763
530,dennery,69.3,139.9,-17.97,86,43,5.23,RU,1616126962
531,rostaq,35.5005,-119.2718,64.99,48,1,11.5,US,1616126963
532,nagato,-21.05,31.6667,66.13,91,0,1.74,ZW,1616126964
533,tumannyy,29.8458,-90.1067,60.8,58,20,10.36,US,1616126965
534,luanda,37.4,136.9,51.8,43,20,6.91,JP,1616126967
535,kihei,27.2333,-100.15,63.57,31,0,9.28,MX,1616126967
536,hisor,24.8333,-104.8333,49.69,38,0,2.46,MX,1616126774
537,smirnykh,-23.5333,148.1667,86,54,90,11.5,AU,1616126969
538,mogadishu,-6.8844,112.2051,86.43,66,1,7.18,ID,1616126970
539,ixtapa,36.5281,37.9549,41,87,75,9.04,SY,1616126971
540,arman,-2.5364,-57.76,71.35,99,100,1.3,BR,1616126972
541,chapais,67.45,153.6833,-15.39,84,97,3.67,RU,1616126973
542,bagdarin,21.4447,-157.8378,69.8,73,90,21.85,US,1616126974
543,yinchuan,69.3143,16.1194,27,93,90,35.68,NO,1616126975
544,aflu,59.3556,5.2242,39,93,0,3.44,NO,1616126976
545,panguipulli,60.3964,-1.353,44.6,93,90,9.22,GB,1616126979
546,coos bay,37.2711,-87.1764,44.01,87,90,9.22,US,1616126980
547,spring hill,30.6945,78.4932,69.26,15,100,2.42,IN,1616126981
548,itigi,-13.2,49.05,75.61,90,70,2.28,MG,1616126982
549,omboue,51.1,114.53,25.56,79,100,10.6,RU,1616126983
550,mocuba,,,,,,,,
551,rapid valley,,,,,,,,
552,ilhabela,,,,,,,,
553,half moon bay,,,,,,,,
554,inyonga,,,,,,,,
555,kalang,,,,,,,,
556,narsaq,,,,,,,,
557,chumikan,,,,,,,,
558,springbok,,,,,,,,
559,shimabara,,,,,,,,
560,westerland,,,,,,,,
561,pombas,,,,,,,,
562,kaitangata,,,,,,,,
563,shelburne,,,,,,,,
564,bequimao,,,,,,,,
565,nome,,,,,,,,
566,vershino-darasunskiy,,,,,,,,
567,najran,,,,,,,,
568,samalaeulu,,,,,,,,
569,bouloupari,,,,,,,,
570,roebourne,,,,,,,,
571,wladyslawowo,,,,,,,,
572,ust-charyshskaya pristan,,,,,,,,
573,champerico,,,,,,,,
574,touros,,,,,,,,
575,verkhoyansk,,,,,,,,
576,isangel,,,,,,,,
577,gobabis,,,,,,,,
578,prince rupert,,,,,,,,
579,ponta delgada,,,,,,,,
580,hambantota,,,,,,,,
581,dunedin,,,,,,,,
582,leh,,,,,,,,
583,ust-kamchatsk,,,,,,,,
584,agirish,,,,,,,,
585,laurel,,,,,,,,
586,kazalinsk,,,,,,,,
587,pontal do parana,,,,,,,,
588,tombouctou,,,,,,,,
589,nokaneng,,,,,,,,
590,marietta,,,,,,,,
591,deputatskiy,,,,,,,,
592,shafter,,,,,,,,
593,chiredzi,,,,,,,,
594,vung tau,,,,,,,,
595,estelle,,,,,,,,
596,wajima,,,,,,,,
597,anahuac,,,,,,,,
598,durango,,,,,,,,
599,emerald,,,,,,,,
600,labuhan,,,,,,,,
601,manbij,,,,,,,,
602,phrai bung,,,,,,,,
603,urucara,,,,,,,,
604,srednekolymsk,,,,,,,,
605,ahuimanu,,,,,,,,
606,andenes,,,,,,,,
607,visnes,,,,,,,,
608,brae,,,,,,,,
609,morehead,,,,,,,,
610,ginda,,,,,,,,
611,ambilobe,,,,,,,,
612,aginskoye,,,,,,,,
